Diagnosis	Type	OR	P-value	FDR
MDD	Minimum	14.150406075308512	1.9740927587240674e-16	1.9740927587240674e-16
Schizo	Minimum	52.35254465790361	1.4402463796821379e-18	1.9203285062428504e-18
MDD	Redundant	22.0078561398034	1.1874110335182279e-93	4.749644134072911e-93
Schizo	Redundant	24.175610482430017	1.4430108006990408e-34	2.8860216013980815e-34
